theta0,theta1
0.014108393543138975,0.019859695533825137
